user_id,item_id,rating,timestamp,title,brand,category
A3FO0EQTIBNAJK,6304197853,5,1394064000,Homecoming Texas Style VHS,Bill & Gloria Gaither,"['Blues', 'Regional Blues', 'Chicago Blues']"
A3NWP4CG5S2PDE,6304702205,5,1380412800,Yanni - Tribute VHS,,"['New Age', 'Meditation']"
A1WBXDI7LRPLXB,B0000005O7,5,1167523200,"Right Place, Wrong Time",Otis Rush,"['Blues', 'Regional Blues', 'Chicago Blues']"
A3TMGLECV7IMNT,B000000A5J,5,1176768000,Handel: Chandos Anthems Complete,George Frideric Handel,"['Opera & Classical Vocal', 'Vocal Non-Opera', 'Anthems']"
A2KRFSS4JZNV13,B000000D7G,5,981676800,A Tribute To My Father,Hank Williams Jr.,"['Country', ""Today's Country""]"
A2KRFSS4JZNV13,B000000DAO,5,1024272000,"One Night Stand: Original Classic Hits, Vol.1",Hank Williams Jr.,"['Classic Rock', 'Southern Rock']"
A2KRFSS4JZNV13,B000000DAW,5,989971200,"Habits Old And New: Original Classic Hits, Vol. 5",Hank Williams Jr.,"['Classic Rock', 'Southern Rock']"
A2KRFSS4JZNV13,B000000DB2,5,989971200,"High Notes: Original Classic Hits, Vol. 8",Hank Williams Jr.,"['Classic Rock', 'Southern Rock']"
A2KRFSS4JZNV13,B000000DGQ,5,1001030400,God Bless The U.S.A.,Lee Greenwood,"['Country', ""Today's Country""]"
A3P0QRCQW78466,B000000EC3,4,1178928000,The Essential Perrey &amp; Kingsley,Perrey & Kingsley,"['Dance & Electronic', 'Electronica']"
A3BEQRW4Z93GP0,B000000HO0,5,1075507200,Shahen-Shah,Nusrat Fateh Ali Khan,"['World Music', 'Far East & Asia']"
A3K8O01S0XGWHT,B000000O7G,3,1011484800,J. R. R. Tolkien's The Lord Of The Rings Soundtrack,Leonard Rosenman,"['Soundtracks', 'Movie Scores']"
A6BCOCERWVH68,B000000OU2,5,1098316800,MTV Unplugged in New York,Nirvana,['Alternative Rock']
A1HVR12V7N8QUG,B0000014TQ,5,1395014400,Rudy Soundtrack,Jerry Goldsmith,"['Soundtracks', 'Movie Scores']"
A34X0JH8GU1TCL,B0000014TQ,5,1079136000,Rudy Soundtrack,Jerry Goldsmith,"['Soundtracks', 'Movie Scores']"
A3P0QRCQW78466,B00000150N,5,1229817600,The Ernie Kovacs Record Collection,Ernie Kovacs,"['Comedy & Spoken Word', 'Comedic Music']"
A23W1H9AACMTWZ,B0000017QZ,4,1308614400,Forest Rain,Dean Evenson,"['Dance & Electronic', 'Ambient']"
A21TVBJMNGWRYE,B0000019G3,5,1132876800,Psychic Powerless Another Man's Sac,Butthole Surfers,"['Alternative Rock', 'Hardcore & Punk', 'Hardcore']"
APRMX3QK8NCQG,B000001C6K,5,1399680000,Hell Awaits,Slayer,"['Metal', 'Pop Metal']"
APRMX3QK8NCQG,B000001C6Q,5,1398902400,HAUNTING THE CHAPEL,Slayer,"['Metal', 'Pop Metal']"
A2RE0QMIABZPJU,B000001F3C,5,1003104000,War,U2,"['Alternative Rock', 'New Wave & Post-Punk', 'Post-Punk']"
A2MOREZ3AFKKOK,B000001F72,5,1012262400,Medusa,Trapeze,"['Rock', 'Progressive', 'Progressive Rock']"
A11617B1NW474D,B000001FDV,5,1045872000,Saturday Night Fever: The Original Movie Sound Track,Bee Gees,"['Dance & Electronic', 'Disco']"
A3UF6Y57Q4RBAT,B000001GPX,5,1039132800,Beethoven: Symphonies Nos. 5 &amp; 7,Ludwig van Beethoven,"['Classical', 'Symphonies']"
A2ZQ0IWH69117P,B000001GYD,5,1055203200,Great Organ Works,Helmut Walcha,"['Classical', 'Forms & Genres', 'Variations', 'Passacaglias']"
A1Z6A5E6VKCMCZ,B000001M26,3,1299542400,"Classic Disney, Vol. 1: 60 Years of Musical Magic",Classic Disney (Series),"['Pop', 'Oldies', 'Traditional Pop']"
A1Z6A5E6VKCMCZ,B000001M2I,3,1322956800,Pocahontas: An Original Walt Disney Records Soundtrack,Stephen Schwartz,"['Broadway & Vocalists', 'Musicals']"
A1K9OQYC7MLAF3,B000002579,5,1356048000,Leftoverture,Kansas,"['Rock', 'Progressive', 'Progressive Rock']"
AX3T5TI76TOJ1,B0000025DF,5,1261785600,The Buddy Holly Story Soundtrack,Gary Busey,"['Rock', 'Oldies & Retro']"
AX3T5TI76TOJ1,B0000025F7,4,1281312000,Off the Wall,Michael Jackson,"['Dance & Electronic', 'Disco']"
A1K9OQYC7MLAF3,B0000025HU,5,1329264000,London Calling,The Clash,"['Alternative Rock', 'Hardcore & Punk', 'British Punk']"
A1WBXDI7LRPLXB,B0000025VU,3,1167436800,Infidels,Bob Dylan,"['Classic Rock', 'Album-Oriented Rock (AOR)']"
AIW2B5CZEUTS5,B0000025YM,5,1234569600,Defenders of the Faith,Judas Priest,"['Alternative Rock', 'New Wave & Post-Punk', 'New Wave']"
A2RP7SPA68W48W,B0000026FG,5,1214524800,Rhapsody in Blue / Grand Canyon Suite,Gershwin,"['Classical', 'Forms & Genres', 'Theatrical, Incidental & Program Music', 'Tone Poems']"
A2HXUA5QF6L7O2,B0000026LW,5,1201392000,20,Harry Connick Jr.,"['Pop', 'Oldies', 'Traditional Pop']"
AI9LIYCI0543Q,B0000026XN,5,1151884800,Dinner Classics: French Album,Claude Debussy,"['Classical', 'Forms & Genres', 'Short Forms', 'Character Pieces']"
AI9LIYCI0543Q,B0000026YJ,5,1349308800,CBS Masterworks: Dinner Classics: The Christmas Album,Peter Ilyich Tchaikovsky,"['Opera & Classical Vocal', 'Vocal Non-Opera', 'Cantatas']"
ADDZ418QLBSPM,B000002759,5,1122940800,Lofty's Roach Souffle,Harry Connick Jr.,"['Broadway & Vocalists', 'Classic Vocalists']"
AI9LIYCI0543Q,B00000277H,5,1328659200,Dinner Classics: Dinner for 2,Dinner Classics,"['Classical', 'Chamber Music']"
A3TMGLECV7IMNT,B00000277P,5,1203120000,"Sunday Brunch, Volume II",Various,"['Classical', 'Forms & Genres', 'Theatrical, Incidental & Program Music', 'Incidental Music']"
APRNYF8W2PTGQ,B0000027JD,5,965260800,The Anna Russell Album,Anna Russell,"['Classical', 'Chamber Music']"
A1YTXU5V9OEF69,B0000027PL,5,1230076800,Mercy Mercy Mercy: A Collection,Buckinghams,"['Pop', 'Oldies']"
AI9LIYCI0543Q,B0000027XF,5,1349308800,Romance,Various,"['Classical', 'Chamber Music', 'Quartets']"
A2RE0QMIABZPJU,B0000029A4,5,1002067200,So I Married An Axe Murderer Soundtrack,Bruce Broughton,"['Soundtracks', 'Movie Soundtracks']"
A2XJJKZSEYYW8T,B0000029FN,5,1394064000,Are You Hep to the Jive ?,Cab Calloway,"['Jazz', 'Swing Jazz', 'Classic Big Band']"
A2BTYX4QNN3S20,B0000029WM,2,1058832000,September Songs,David Johansen,"['Alternative Rock', 'Hardcore & Punk', 'American Punk']"
A1YTXU5V9OEF69,B000002A1D,5,1279324800,Greatest Hits Beethoven,Eugene Ormandy,"['Classical', 'Forms & Genres', 'Sonatas', 'Sonatinas']"
A2JDMVS87YHY0Q,B000002AOE,5,955238400,Hold Me Thrill Me Kiss Me,Gloria Estefan,"['Latin Music', 'Latin Pop']"
A258N5V9ATX38H,B000002AT2,5,1290384000,Snowfall: The Tony Bennett Christmas Album,Tony Bennett,"['Pop', 'Oldies', 'Traditional Pop']"
AKKM0FXFOS96,B000002AWK,3,1344988800,The Swan Princess: Music From The Motion Picture,Disney's Read-Alongs,"['Broadway & Vocalists', 'Musicals']"
A2WSWVRUFHBU2C,B000002AZ8,4,1028160000,Vitalogy,Pearl Jam,"['Pop', 'Adult Alternative']"
AMXJDVI60YD39,B000002AZ8,5,1384473600,Vitalogy,Pearl Jam,"['Pop', 'Adult Alternative']"
AMXJDVI60YD39,B000002B2T,5,1388361600,Above,Mad Season,"['Pop', 'Adult Alternative']"
AZLWT5TG37FKM,B000002B30,5,1234742400,Bruce Springsteen Greatest Hits,Bruce Springsteen,"['Classic Rock', 'Album-Oriented Rock (AOR)']"
A1BDUTDNJI0LZF,B000002B8X,5,1373500800,Congo Soundtrack,Jerry Goldsmith,"['Soundtracks', 'Movie Scores']"
A6BCOCERWVH68,B000002BE9,5,1068422400,Tidal,Fiona Apple,"['Alternative Rock', 'Indie & Lo-Fi', 'Indie Rock']"
A141VKAWF9WYRS,B000002BOJ,5,1386288000,Whatever and Ever Amen,Ben Folds Five,"['Alternative Rock', 'Indie & Lo-Fi', 'Indie Rock']"
A2BTYX4QNN3S20,B000002BWD,3,1071705600,Flying In A Blue Dream,Joe Satriani,"['Jazz', 'Jazz Fusion']"
A1KZ00LNIB25RR,B000002CH1,5,1393459200,Remember the Time,Michael Jackson,"['Pop', 'Dance Pop']"
A1YQS7S1IE53SB,B000002GFJ,5,1256169600,A Very Special Christmas,The Pretenders,"['Holiday & Wedding', 'Christmas']"
A1R6B3PMIZRLHC,B000002GJB,5,1393459200,Heart in Motion,Amy Grant,"['Christian', 'Pop & Contemporary']"
AZIT12FBL4VZD,B000002H6C,5,1372723200,...And Justice For All,Metallica,"['Metal', 'Pop Metal']"
AIW2B5CZEUTS5,B000002ILE,5,1190419200,The Lost Boys Soundtrack,Thomas Newman,"['Soundtracks', 'Movie Soundtracks']"
A2MOREZ3AFKKOK,B000002J01,5,970876800,Led Zeppelin 1,Led Zeppelin,"['Rock', 'Rock Guitarists', 'Guitar Gods']"
A3K8O01S0XGWHT,B000002J5O,4,1187136000,Made in America,The Blues Brothers,"['R&B', 'Soul']"
A3FZ5MK6HM1T9Q,B000002JQH,5,1393891200,Street Angel,Stevie Nicks,"['Classic Rock', 'Album-Oriented Rock (AOR)']"
AZIT12FBL4VZD,B000002KAT,5,1360540800,Astral Weeks,Van Morrison,"['Classic Rock', 'Album-Oriented Rock (AOR)']"
A2DDVIRY8OVYE1,B000002KC7,5,1374364800,Heroes Are Hard To Find,Fleetwood Mac,"['Classic Rock', 'Album-Oriented Rock (AOR)']"
AIW2B5CZEUTS5,B000002KET,4,1390089600,"Sabbath, Bloody Sabbath",Black Sabbath,"['Classic Rock', 'Album-Oriented Rock (AOR)']"
AZIT12FBL4VZD,B000002KHF,5,1371772800,Moondance,Van Morrison,"['Classic Rock', 'Album-Oriented Rock (AOR)']"
AIW2B5CZEUTS5,B000002KNO,5,1380758400,Diver Down,Van Halen,"['Rock', 'Rock Guitarists', 'Guitar Gods']"
APRMX3QK8NCQG,B000002KZT,5,1399680000,Reign in Blood,Slayer,"['Metal', 'Thrash & Speed Metal']"
A141VKAWF9WYRS,B000002L68,4,1367712000,Music from the Motion Picture &quot;Purple Rain&quot;,Prince,"['Classic Rock', 'Album-Oriented Rock (AOR)']"
A22KQ6553QX5UA,B000002LHI,5,1385251200,So Much 2 Say,Take 6,"['Christian', 'Pop & Contemporary']"
A3PVSNS17HCIXN,B000002LRJ,5,1089158400,Loveless,My Bloody Valentine,"['Alternative Rock', 'Indie & Lo-Fi', 'Indie Rock']"
AX3T5TI76TOJ1,B000002MMC,5,1284249600,Take Me As I Am,Faith Hill,"['Country', ""Today's Country""]"
A2K2PML6QPYJ9O,B000002MSM,5,1304121600,The Celts,Enya,"['New Age', 'Celtic New Age']"
A87RT63V7SMD3,B000002MU5,2,1022544000,The Sinatra Christmas Album,Frank Sinatra,"['Pop', 'Oldies', 'Traditional Pop']"
A1WBXDI7LRPLXB,B000002MZS,5,1172361600,The Bridges Of Madison County Music From The Motion Picture,Lennie Niehaus,"['Broadway & Vocalists', 'Traditional Vocal Pop']"
A3UF6Y57Q4RBAT,B000002P72,5,1147305600,Live At The Regal,B.B. King,"['Blues', 'Regional Blues', 'Chicago Blues']"
A177XBNQ3ZPBBI,B000002PF9,5,1370563200,An American Tail: Music From The Motion Picture Soundtrack,James Horner,"['Broadway & Vocalists', 'Musicals']"
A2MOREZ3AFKKOK,B000002Q61,4,1012176000,The Great Twenty-Eight,Chuck Berry,"['Pop', 'Oldies']"
A2BTYX4QNN3S20,B000002QWR,4,1072483200,T Bone Burnett,T Bone Burnett,"['Pop', 'Singer-Songwriters']"
A29M09QBG9TZLP,B000002R4I,5,1210032000,Border Lord,Kris Kristofferson,"['Country', ""Today's Country""]"
A2BTYX4QNN3S20,B000002TXT,5,1061942400,You Me Us,Richard Thompson,"['Folk', 'British & Celtic Folk', 'British Folk']"
APC80YXO8LXWE,B000002UG7,3,1387238400,"Slow Jams Christmas, Vol. 1",Various Artists,"['Holiday & Wedding', 'Christmas']"
A3FZ5MK6HM1T9Q,B000002VRL,5,1404777600,The Greatest Hits Collection,Brooks & Dunn,"['Country', ""Today's Country""]"
A1YY9CAIF9RM2C,B000002VT6,5,956707200,Surfacing,Sarah McLachlan,"['Pop', 'Adult Alternative']"
A2GKWOALFDP6ZD,B000002WCO,5,971740800,First of a Million Kisses,Fairground Attraction,"['Pop', 'Adult Alternative']"
A2UUS5CMDXZN8B,B000002WYT,4,1383868800,Crash,Dave Matthews Band,"['Pop', 'Adult Alternative']"
A307X7XPY0LA4C,B000002Z94,5,1394582400,When I Stop Dreaming: The Best of The Louvin Brothers,Louvin Brothers,"['Christian', 'Country & Bluegrass']"
A12YVS06GZEFZE,B00000312Q,5,960595200,Sweet Fellowship,Acappella,['Broadway & Vocalists']
A11617B1NW474D,B0000032JO,5,1227312000,Billboard Greatest Christmas Hits: 1955-Present,Alvin & the Chipmunks,"['Opera & Classical Vocal', 'Vocal Non-Opera', 'Noels']"
A11617B1NW474D,B0000032JQ,5,1227312000,Billboard Greatest Christmas Hits: 1935-1954,Billboard Greatest Xmas Hits,"['Pop', 'Oldies', 'Traditional Pop']"
A2ZQ0IWH69117P,B0000033P6,4,1351814400,Love Beach,"Emerson, Lake & Palmer","['Rock', 'Progressive', 'Progressive Rock']"
A3UF6Y57Q4RBAT,B0000033WB,5,1011571200,2001: A Space Odyssey,Various Artists,"['Pop', 'Vocal Pop']"
A29V9Z89OH03YR,B0000033ZA,5,1106524800,Take It Off! Strip Tease Classics,David Rose & his Orchestra,"['Pop', 'Easy Listening']"
A2POYXTGSPSW7O,B000003420,5,1144713600,Very Best of,Todd Rundgren,"['R&B', 'Soul', 'Blue-Eyed Soul']"
A1DG0S0HG0U2RY,B000003F53,4,1386547200,The Bells of Dublin,The Chieftains,"['World Music', 'Europe', 'British Isles', 'Britain']"
A1DG0S0HG0U2RY,B000003FE5,5,1334102400,The Celtic Harp: A Tribute to Edward Bunting,The Chieftains,"['World Music', 'Europe', 'British Isles', 'Britain']"
A1MF862XU2WI2W,B000003GXG,1,1352592000,Dirty Water,Standells,"['Pop', 'Oldies']"
A2JDMVS87YHY0Q,B000003IWX,5,981590400,Teenage Tears,James Darren,"['Jazz', 'Vocal Jazz']"
A2M6SAHM4XJTAC,B000003KWE,5,1343692800,Music of the Ancient Greeks,Mesomedes,"['World Music', 'Europe', 'Continental Europe']"
A2ZQ0IWH69117P,B000003P6R,5,1158192000,Capitol Years,Keely Smith,"['Pop', 'Oldies', 'Traditional Pop']"
A3BEQRW4Z93GP0,B000003RZU,5,1043280000,Evening of Yes Music Plus,Yes,"['Rock', 'Progressive', 'Progressive Rock']"
A2X68A4CORTII2,B000003S7U,5,1089590400,Cold Krush Cuts,Coldcut,"['Dance & Electronic', 'Ambient']"
A2C3PLXFWB4WTS,B0000041FU,4,1180483200,Brahms At Bedtime,Johannes Brahms,"['Classical', 'Forms & Genres', 'Concertos', 'Concertinos']"
A3KY45VSR20OTB,B0000042MJ,5,1138233600,Robin Hood: Prince of Thieves,Michael Kamen,"['Soundtracks', 'Movie Scores']"
A22KQ6553QX5UA,B000004761,5,1386460800,Big Band,Joe Henderson,"['Jazz', 'Swing Jazz', 'Contemporary Big Band']"
APRNYF8W2PTGQ,B000004AVF,4,1009843200,Labour of Love,Frente!,"['Pop', 'Adult Alternative']"
A1YY9CAIF9RM2C,B000005DCW,4,956016000,Into the Fire,Sarah McLachlan,"['Pop', 'Adult Alternative']"
A3K8O01S0XGWHT,B000005E4D,4,987638400,"Offenbach - Les Contes d'Hoffmann / Alagna, van Dam, Dessay, Vaduva, Jo, Lascarro, Dubosc, Ragon, S&eacute;n&eacute;chal, Bacquier, Lamprecht, Nagano",Jacques Offenbach,"['Opera & Classical Vocal', 'Operettas']"
A21TVBJMNGWRYE,B000005IU1,5,1132876800,STOOGES,Iggy & The Stooges,"['Alternative Rock', 'Hardcore & Punk', 'Proto Punk']"
A3BEQRW4Z93GP0,B000005IWN,5,1145318400,Shakuhachi - The Japanese Flute,Kohachiro Miyata,"['World Music', 'Far East & Asia', 'Japan']"
A3JY82VJGNUIKE,B000005LBV,3,1130976000,Star! 1968 Film,Julie Andrews,"['Broadway & Vocalists', 'Musicals']"
A3JY82VJGNUIKE,B000005NMW,5,1170979200,Is This a Cool World Or What,Karla Devito,['Pop']
A3UF6Y57Q4RBAT,B000005S37,5,1271203200,Metal Machine Music,Lou Reed,"['Alternative Rock', 'Hardcore & Punk', 'Proto Punk']"
A1YY9CAIF9RM2C,B00000638Q,5,975456000,Before These Crowded Streets,Dave Matthews Band,"['Pop', 'Adult Alternative']"
A2POYXTGSPSW7O,B000006F6I,5,1296172800,Lake II,Lake,"['Rock', 'Progressive', 'Progressive Rock']"
A14OKJXPQ7F7GB,B000006O8D,5,1018224000,Songs From Ally McBeal Featuring Vonda Shepard Television Series,Vonda Shepard,"['Pop', 'Adult Alternative']"
A3NWP4CG5S2PDE,B00000725N,5,920764800,Midnight Blue,Louise Tucker,"['Blues', 'Contemporary Blues']"
AZTOAD13FDS58,B00000740H,5,1036713600,Propaganda,Sparks,"['Alternative Rock', 'Hardcore & Punk', 'Proto Punk']"
A1MF862XU2WI2W,B0000076CH,5,1352592000,For Sale/Creation,Fever Tree,['Pop']
A34X0JH8GU1TCL,B000007SNS,5,1079136000,Ultimate Broadway,Various,"['Pop', 'Oldies', 'Traditional Pop']"
A3NE5KEHD57Q6S,B000008HOY,3,1362787200,Lethal Weapon 2,Various Artists,"['Soundtracks', 'Movie Soundtracks']"
A2ZQ0IWH69117P,B000008JSY,5,1158624000,Time Peace: Greatest Hits,The Rascals,"['R&B', 'Soul', 'Blue-Eyed Soul']"
A3TMGLECV7IMNT,B000008KJ0,5,1171756800,Hymns,2nd Chapter of Acts,['Alternative Rock']
A3O0GQ6YB0CX3H,B000008NL3,5,1039737600,Weaving,Denean,"['New Age', 'Meditation']"
A21FWV7IMMPSXP,B000009CEM,5,1217116800,Obsolete,Fear Factory,"['Alternative Rock', 'Goth & Industrial', 'Industrial', 'Alt Industrial']"
A87RT63V7SMD3,B000009DOV,4,1041552000,Veggie Tales: A Very Veggie Christmas,Various Artists,"['Holiday & Wedding', 'Christmas']"
A3GAGA790C3F90,B000009VOM,4,1370304000,Music Has the Right to Children,Boards Of Canada,"['World Music', 'Europe', 'British Isles', 'Britain']"
AL6CHZPMJ2D2M,B00000AEDU,5,1017964800,Koyaanisqatsi 1998 Re-recording,Philip Glass,"['Dance & Electronic', 'Techno']"
AZTOAD13FDS58,B00000B9FS,5,1088726400,Evita Original London Cast,EVITA O.L.C.,"['Broadway & Vocalists', 'Musicals']"
A2C3PLXFWB4WTS,B00000DBVH,5,1180483200,Baroque for Beauty Sleep: Sweet Dreams for Beautiful Dreamers,Set Your Life To Music,"['Classical', 'Forms & Genres', 'Sonatas', 'Sonatinas']"
AZTOAD13FDS58,B00000DCU1,5,1036713600,Angst in My Pants,Sparks,"['Alternative Rock', 'Hardcore & Punk', 'Proto Punk']"
A1R6B3PMIZRLHC,B00000DFTM,5,1359158400,The Prince Of Egypt: Music From The Soundtrack,Stephen Schwartz,"['Broadway & Vocalists', 'Musicals']"
A87RT63V7SMD3,B00000DHR0,1,1019520000,These Are Special Times,Celine Dion,"['Holiday & Wedding', 'Christmas']"
A1Z6A5E6VKCMCZ,B00000DHR0,5,1322265600,These Are Special Times,Celine Dion,"['Holiday & Wedding', 'Christmas']"
A21FWV7IMMPSXP,B00000DNAP,5,1231891200,Blue,Double,['Jazz']
AL6CHZPMJ2D2M,B00000DR9N,5,1041811200,Medicine Music,Bobby McFerrin,"['Jazz', 'Bebop']"
A2JDMVS87YHY0Q,B00000DRAR,5,928886400,Come a Little Bit Closer: The Best of Jay and The Americans,Jay & The Americans,"['Pop', 'Oldies']"
AF3AREH1GWV8D,B00000G1IL,5,1147910400,...Baby One More Time,Britney Spears,"['Pop', 'Adult Contemporary']"
A292163FE9C117,B00000I5U0,5,966297600,This Kiss / Somebody Stand By Me,Faith Hill,"['Country', ""Today's Country""]"
ADDZ418QLBSPM,B00000I8KE,5,1001548800,If I Could Turn Back Time: Cher's Greatest Hits,Sonny & Cher,"['Pop', 'Adult Contemporary']"
AF3AREH1GWV8D,B00000I9CF,5,1155427200,Voice Of An Angel,Charlotte Church,"['Classical', 'Sacred & Religious']"
A2MOREZ3AFKKOK,B00000IFWE,4,985392000,Echo,Tom Petty,"['Classic Rock', 'Album-Oriented Rock (AOR)']"
A1635YKA4UAXVY,B00000IP3P,4,962496000,Remembrance,John McDermott (Tenor),"['World Music', 'Europe', 'British Isles', 'Ireland']"
A3JY82VJGNUIKE,B00000IXJH,5,1335398400,The Cradle Will Rock: Original 1985 Cast Recording,John Houseman,"['Broadway & Vocalists', 'Musicals']"
AKKM0FXFOS96,B00000J2QG,4,1323993600,Dangerous Minds - Soundtrack,Various Artists,"['Rap & Hip-Hop', 'Gangsta & Hardcore']"
A1YY9CAIF9RM2C,B00000J6AG,5,986688000,Play,Moby,"['Dance & Electronic', 'Ambient']"
A2RE0QMIABZPJU,B00000JFV5,5,956793600,KC and the Sunshine Band 25th Anniversary Collection,K.C. & The Sunshine Band,"['Dance & Electronic', 'Disco']"
A23W1H9AACMTWZ,B00000JZ0F,4,1308614400,Healing Waters,Dean Evenson,"['Dance & Electronic', 'Ambient']"
A2ETJW1PNAJYR9,B00000JZ0Z,5,1364688000,This One's from the Heart,James Darren,"['Broadway & Vocalists', 'Traditional Vocal Pop']"
A177XBNQ3ZPBBI,B00000JZAZ,4,1256256000,Scooby-Doo! and the Witch's Ghost,Scooby-Doo (Related Recordings),"['Soundtracks', 'Movie Soundtracks']"
A2M6SAHM4XJTAC,B000026KGC,5,1289088000,The Book Of Taliesyn - Deep Purple,Deep Purple,"['World Music', 'Europe', 'British Isles', 'Britain']"
AHXYY7G09V1X9,B0000282U8,3,1169510400,Longhaired Redneck / Rides Again,David Allan Coe,"['Country', 'Bluegrass']"
A13WEXW3OX4ZE0,B00002EPKW,5,1105056000,If I Left The Zoo,Jars Of Clay,"['Christian', 'Pop & Contemporary']"
A2ETJW1PNAJYR9,B00002MYY7,5,1393891200,Millennium Collection - 20th Century Masters,Connie Francis,"['Broadway & Vocalists', 'Traditional Vocal Pop']"
A6BCOCERWVH68,B00002MZ4W,5,1068508800,When The Pawn,Fiona Apple,"['Alternative Rock', 'Indie & Lo-Fi', 'Indie Rock']"
A14OKJXPQ7F7GB,B000035X9U,5,1065571200,Anchor,Trespassers William,"['Alternative Rock', 'Indie & Lo-Fi', 'Dream Pop']"
A22KQ6553QX5UA,B00003A9NY,5,1350777600,Live at the Village Vanguard,Wynton Marsalis,"['Jazz', 'Bebop']"
A292163FE9C117,B00004L8GX,5,966643200,Breathe / It All Comes Down to Love,Faith Hill,"['Country', ""Today's Country""]"
A12YVS06GZEFZE,B00004NKB6,5,962928000,Found A Place,FFH,"['Christian', 'Pop & Contemporary']"
AI9LIYCI0543Q,B00004NS1D,5,1374537600,Music to Relax,The Arcangelos Chamber Ensemble,"['Classical', 'Forms & Genres', 'Sonatas', 'Sonatinas']"
A12YVS06GZEFZE,B00004OCG7,5,963014400,Home,Fernando Ortega,"['Christian', 'Pop & Contemporary']"
A141VKAWF9WYRS,B00004S6GL,5,1403049600,Figure 8,Elliott Smith,"['Alternative Rock', 'Indie & Lo-Fi', 'Indie Rock']"
A14OKJXPQ7F7GB,B00004SSTA,4,1018224000,Key of a Minor,Jessica Riddle,"['Pop', 'Singer-Songwriters']"
A292163FE9C117,B00004SWIC,5,966297600,Desert Rose / Brand New Day,Sting,"['Pop', 'Adult Alternative']"
A2JDMVS87YHY0Q,B00004SZ1N,5,966470400,Dream Dancing III: In the Romantic Mood,Ray Anthony,"['Jazz', 'Swing Jazz', 'Classic Big Band']"
A2RP7SPA68W48W,B00004TH6R,4,1214524800,The Very Best of Bobby Sherman,Bobby Sherman,"['Pop', 'Oldies', 'Bubblegum']"
A3PVSNS17HCIXN,B00004TL21,5,1089504000,White Pony,Deftones,"['Alternative Rock', 'American Alternative']"
A1YY9CAIF9RM2C,B00004WZOH,5,981158400,Maroon,Barenaked Ladies,"['Alternative Rock', 'American Alternative']"
A2JDMVS87YHY0Q,B00004XR64,5,994809600,Aaron's Party: Come &amp; Get It,Aaron Carter,"['Pop', 'Oldies']"
AQCQ5F0OJXMG9,B00004YL5P,5,1200182400,Joy,Avalon,"['Opera & Classical Vocal', 'Vocal Non-Opera', 'Noels']"
A1XS6GR5YF4H73,B00004ZAZH,3,1175040000,Greatest Hits,Tim McGraw,"['Country', ""Today's Country""]"
A2HXUA5QF6L7O2,B000050HVG,5,1201392000,Ken Burns Jazz: The Story of America's Music,Ken Burns JAZZ Collection,"['Jazz', 'Swing Jazz', 'Classic Big Band']"
A3SUV27YI5KXG1,B000050XUY,5,1365379200,Glacier Bay,Dennis Hysom,"['New Age', 'Meditation']"
A34X0JH8GU1TCL,B000053EZ5,5,1065139200,Thirteen Days 2000 Film,Trevor Jones,"['Soundtracks', 'Movie Scores']"
APRNYF8W2PTGQ,B000056WU2,5,979689600,Momnipotent: Songs for Weary Parents,Nancy White,['Folk']
A3FO0EQTIBNAJK,B000059LFA,5,1394064000,Lonesome Echo,Jackie Gleason,"['Pop', 'Easy Listening']"
AHXYY7G09V1X9,B000059M06,3,1169510400,3000 Miles to Graceland 2001 Film,George S. Clinton,"['Alternative Rock', 'Goth & Industrial', 'Industrial']"
A33AJ1MSMEIA3C,B00005ASHF,5,1114300800,Volume 3: Further in Time,Afro Celt Sound System,"['World Music', 'Europe', 'British Isles', 'Britain']"
A3FZ5MK6HM1T9Q,B00005AXEL,5,1404777600,Trouble In Shangri-La,Stevie Nicks,"['Classic Rock', 'Album-Oriented Rock (AOR)']"
A35CCGJDNXUDY9,B00005B6C9,5,989539200,This Is Where I Came In,Bee Gees,"['Pop', 'Adult Contemporary']"
A2X68A4CORTII2,B00005K9KP,3,1005696000,White Blood Cells,The White Stripes,"['Alternative Rock', 'Hardcore & Punk', 'Punk']"
A34X0JH8GU1TCL,B00005LD1A,4,1065744000,Celebrity,'N Sync,"['Pop', 'Adult Contemporary']"
A2XJJKZSEYYW8T,B00005LMK5,5,1382054400,20th Century Masters: The Millennium Collection: Best of Switch,Switch,"['R&B', 'Funk']"
A19EEKJ39PA47B,B00005LMK6,4,1363046400,Millennium Collection - 20th Century Masters,Mary Jane Girls,"['Dance & Electronic', 'Disco']"
A2GAP7XWBZU8QI,B00005M0MJ,5,1080259200,God Hates Us All,Slayer,"['Metal', 'Thrash & Speed Metal']"
AZLWT5TG37FKM,B00005MLVE,4,1376611200,Very Best Of Judy Collins GH The,Judy Collins,"['Pop', 'Oldies', 'Traditional Pop']"
A13WEXW3OX4ZE0,B00005NBZ0,5,1090368000,Almost There,MercyMe,"['Christian', 'Pop & Contemporary']"
A2M6SAHM4XJTAC,B00005NKYA,5,1278460800,Hard Road: Favorite Camp Songs of the Civil War,2nd South Carolina String Band,"['Folk', 'Traditional Folk']"
A1BYOKDSVRBDQX,B00005OA8X,4,1066003200,Read My Lips,Sophie Ellis Bextor,"['Pop', 'Dance Pop']"
A2WSWVRUFHBU2C,B00005ONMT,4,1028160000,"<span id=""parentalAdvisory"" class=""a-size-medium a-color-secondary a-text-normal""",Ja Rule,"['Rap & Hip-Hop', 'East Coast']"
A14OKJXPQ7F7GB,B00005PJB0,4,1019001600,I Tried to Rock You But You Only Roll,Leona Naess,"['Alternative Rock', 'Singer-Songwriters']"
A1W71SSFRWYQFQ,B00005QK3T,5,1378425600,The Very Best Of David Wilcox,David Wilcox (American),"['Folk', 'Contemporary Folk']"
A1635YKA4UAXVY,B00005QK58,3,1282953600,Running Wild,Rice Rice Hillman & Pedersen,"['Country', 'Bluegrass']"
AF3AREH1GWV8D,B00005RD78,5,1155427200,Sarah Brightman: Classics,Sarah Brightman,"['Classical', 'Forms & Genres', 'Etudes']"
A2WSWVRUFHBU2C,B00005Y1F7,5,1033862400,Grammy Nominees 2002,Ralph Farris,"['Rock', 'Progressive', 'Progressive Rock']"
A4UIAGVDHJ4ZF,B00005YVKP,5,1344297600,Osama-Yo'Mama,Ray Stevens,"['Comedy & Spoken Word', 'Comedic Music']"
A3NE5KEHD57Q6S,B00005YW4H,1,1051574400,Come Away with Me,Norah Jones,"['Pop', 'Singer-Songwriters']"
A2RP7SPA68W48W,B00005YW4N,5,1199232000,Gordon Lightfoot - Complete Greatest Hits,Gordon Lightfoot,"['Folk', 'Contemporary Folk']"
AZTOAD13FDS58,B0000630ZR,4,1093996800,Evita Highlights from the 1978 Original Broadway Cast,Andrew Lloyd Webber,"['Broadway & Vocalists', 'Musicals']"
A2ETJW1PNAJYR9,B0000634HG,5,1404172800,Bobby Darin The Hit Singles Collection,Bobby Darin,"['Pop', 'Oldies', 'Traditional Pop']"
A2RP7SPA68W48W,B000063WDM,5,1219622400,We Were Soldiers Score,Nick Glennie-Smith,"['Soundtracks', 'Movie Scores']"
A2RE0QMIABZPJU,B0000640N0,5,1021420800,Queer as Folk: The Second Season,Various Artists,"['Pop', 'Dance Pop']"
A2J5Y9MKKQTXGW,B0000646TK,4,1059782400,Be Not Nobody,Vanessa Carlton,"['Pop', 'Adult Alternative']"
A3KY45VSR20OTB,B000066C1N,5,1063152000,Spirit: Stallion Of The Cimarron Adams/Zimmer,Bryan Adams,"['Classic Rock', 'Album-Oriented Rock (AOR)']"
A2GAP7XWBZU8QI,B000066HQC,5,1064966400,"<span id=""parentalAdvisory"" class=""a-size-medium a-color-secondary a-text-normal""",Korn,"['Metal', 'Alternative Metal']"
A2WSWVRUFHBU2C,B000067O2U,5,1055548800,Born To Reign,Will Smith,"['R&B', 'Soul']"
A33AJ1MSMEIA3C,B000067UO7,5,1181088000,Halo: Original Soundtrack,Michael Salvatori,['Pop']
A6BCOCERWVH68,B00006879E,5,1070064000,Songs About Jane,Maroon 5,"['Pop', 'Adult Alternative']"
A13WEXW3OX4ZE0,B000069JIF,5,1105056000,Amazed,Lincoln Brewster,"['Christian', 'Pop & Contemporary']"
A33D09LM3O34Y,B00006AG5N,5,1033084800,30 #1 Hits,Elvis Presley,"['Rock', 'Oldies & Retro', 'Rockabilly']"
A3NE5KEHD57Q6S,B00006CXXU,4,1051574400,Stripped,Christina Aguilera,"['Pop', 'Adult Contemporary']"
A2J5Y9MKKQTXGW,B00006CXXU,5,1058140800,Stripped,Christina Aguilera,"['Pop', 'Adult Contemporary']"
A2M6SAHM4XJTAC,B00006EXED,5,1283644800,Singles Collection: The London Years,The Rolling Stones,"['Classic Rock', 'British Invasion']"
A87RT63V7SMD3,B00006EXK5,4,1074643200,Lizzie McGuire,Hilary Duff,"['Pop', 'Teen Pop']"
A3O0GQ6YB0CX3H,B00006FMC6,5,1169769600,Paul Anka - Night of a Lifetime,Paul Anka,"['Pop', 'Singer-Songwriters']"
A1G1PX4U6RSZEA,B00006FRN7,5,1087084800,"Lifted or The Story Is in the Soil, Keep Your Ear to the Ground",Bright Eyes,"['Alternative Rock', 'Indie & Lo-Fi', 'Indie Rock']"
A13WEXW3OX4ZE0,B00006HCV1,5,1105401600,Myself When I Am Real,Bebo Norman,"['Christian', 'Pop & Contemporary']"
A1BDUTDNJI0LZF,B00006I09A,5,1379808000,Swimfan,Louis Febre,"['Metal', 'Alternative Metal']"
A2POYXTGSPSW7O,B00006I0BO,5,1140739200,Best of Bond James Bond / Various,Sheryl Crow,"['Alternative Rock', 'New Wave & Post-Punk', 'New Wave']"
A1635YKA4UAXVY,B00006IK19,3,1164672000,The Naked Ride Home,Jackson Browne,"['Classic Rock', 'Album-Oriented Rock (AOR)']"
A1BYOKDSVRBDQX,B00006IR5V,4,1071360000,Shaman,Santana,"['Rock', 'Rock Guitarists', 'Guitar Gods']"
AYS2Z6SZJ0DUV,B00006J3WH,5,1370908800,"Buffy the Vampire Slayer - Once More, with Feeling",Christophe Beck,"['Soundtracks', 'Movie Soundtracks']"
A1XS6GR5YF4H73,B00006JDR3,5,1224547200,Red Hot Chili Peppers - What Hits?,,"['Pop', 'Vocal Pop']"
A2RP7SPA68W48W,B00006JIC0,5,1215388800,All the Best,Glen Campbell,"['Country', 'Classic Country', 'Nashville Sound']"
AQCQ5F0OJXMG9,B00006JYBP,3,1204934400,By Surprise,Joy Williams,"['Christian', 'Pop & Contemporary']"
A3UF6Y57Q4RBAT,B00006L921,4,1190419200,Gov't Mule - Rising Low,Matt Abts,"['Classic Rock', 'Southern Rock']"
A6BCOCERWVH68,B00006LEU9,4,1068422400,Spend the Night,Donnas,"['Alternative Rock', 'Hardcore & Punk', 'Punk']"
AYS2Z6SZJ0DUV,B00006LHW1,4,1391731200,Symptom of the Universe: The Original Black Sabbath 1970-1978,Black Sabbath,"['Metal', 'Pop Metal']"
APC80YXO8LXWE,B00006LHWN,4,1388102400,The Ultimate Relaxation Christmas Album,Various Artists,"['Opera & Classical Vocal', 'Vocal Non-Opera', 'Noels']"
A2WSWVRUFHBU2C,B00006LWSF,5,1036195200,"<span id=""parentalAdvisory"" class=""a-size-medium a-color-secondary a-text-normal""",Eminem,"['Rap & Hip-Hop', 'Gangsta & Hardcore']"
A2UUS5CMDXZN8B,B00006RU5B,4,1383868800,Audioslave,Audioslave,"['Metal', 'Alternative Metal']"
AQCQ5F0OJXMG9,B00006RY69,4,1232150400,Janna,Janna Long,"['Christian', 'Pop & Contemporary']"
A35CCGJDNXUDY9,B00007E1N5,5,1388016000,"Iz: The Man and His Music - Island Music, Island Hearts",Israel Kamakawiwo'ole,"['World Music', 'Pacific Islands', 'Hawaii']"
A17K9AGQ136V78,B00007K217,4,1045440000,DJ Kicks,Tiga,"['Dance & Electronic', 'Electronica']"
AIQLACW0D0FS2,B00007MI2A,3,1073001600,The Headphone Masterpiece,Cody Chesnutt,"['R&B', 'Soul']"
A2POYXTGSPSW7O,B000083EK1,5,1141171200,Live,Jean-Luc Ponty,['Jazz']
A2GAP7XWBZU8QI,B000089RVX,5,1071532800,Fallen,Evanescence,"['Alternative Rock', 'Goth & Industrial', 'Goth']"
A1BYOKDSVRBDQX,B000089RVX,2,1071273600,Fallen,Evanescence,"['Alternative Rock', 'Goth & Industrial', 'Goth']"
A2H3TU9X02KSXZ,B00008A7WG,5,1342310400,Visit Us,Terry MacAlmon,"['Christian', 'Pop & Contemporary']"
A17K9AGQ136V78,B00008BLBL,5,1047168000,#1,Fischerspooner,"['Dance & Electronic', 'Electronica']"
A3BEQRW4Z93GP0,B00008CQS0,5,1140998400,"Good Bye, Lenin!",Yann Tiersen,"['Soundtracks', 'Movie Soundtracks']"
A2H3TU9X02KSXZ,B00008F8E4,5,1386892800,I Love You: Songs of Love &amp; Blessing From a Mother's Heart,Rita Baloche,"[""Children's Music"", 'Lullabies']"
AIQLACW0D0FS2,B000092ZYX,1,1093910400,Hail To The Thief,Radiohead,"['Alternative Rock', 'British Alternative', 'Britpop']"
AOKS5JEGN6G,B00009EIOG,4,1081296000,Dying in Stereo,Northern State,"['Rap & Hip-Hop', 'Experimental Rap']"
A3BEQRW4Z93GP0,B00009IB2A,2,1143590400,The Third Man,Anton Karas,"['Soundtracks', 'Movie Scores']"
A2J5Y9MKKQTXGW,B0000A0WKG,5,1085702400,Ocean Avenue,Yellowcard,"['Alternative Rock', 'Hardcore & Punk', 'Punk']"
A1BYOKDSVRBDQX,B0000C9ZLD,1,1072224000,Room on Fire,The Strokes,"['Alternative Rock', 'Indie & Lo-Fi', 'Indie Rock']"
AZLWT5TG37FKM,B0000D9PIG,4,1260835200,Live At Deer Creek,Foreigner,"['Pop', 'Vocal Pop']"
A14OKJXPQ7F7GB,B0000DG06V,5,1070841600,Mona Lisa Smile,James Horner,"['Soundtracks', 'Movie Soundtracks']"
A1XS6GR5YF4H73,B0000DZEA0,4,1092268800,Greatest Hits and Videos,Red Hot Chili Peppers,"['Pop', 'Adult Alternative']"
A3GAGA790C3F90,B00019RDS2,5,1361059200,Smoking Monkey,Jonathan Coulton,"['Pop', 'Singer-Songwriters']"
A21TVBJMNGWRYE,B0001BRPK6,4,1111795200,Scissor Sisters,Scissor Sisters,"['Pop', 'Dance Pop']"
A307X7XPY0LA4C,B0001CKRC8,5,1394582400,Greatest Hits,Charlie Louvin,"['Country', 'Classic Country']"
AZTOAD13FDS58,B0001ENY6M,4,1080864000,The Passion of the Christ Score,John Debney,"['Soundtracks', 'Movie Scores']"
A2J5Y9MKKQTXGW,B0001F7UHA,4,1104105600,Confessions,Usher,"['R&B', 'Contemporary R&B']"
AIQLACW0D0FS2,B0001HAHY6,4,1093910400,When It Falls,Zero 7,"['Dance & Electronic', 'Electronica']"
A1K9OQYC7MLAF3,B0001LYGMG,5,1297209600,Get Yer Boots On: The Best of Slade,Slade,"['Classic Rock', 'Glam']"
A177XBNQ3ZPBBI,B0001VOHFC,5,1084406400,Dress Rehearsal,Carolyn Dawn Johnson,"['Country', 'Bluegrass']"
AIQLACW0D0FS2,B0001XLVMW,3,1093910400,Made To Love Magic,Nick Drake,"['Folk', 'British & Celtic Folk', 'British Folk']"
AO2Z6SCI5TDBJ,B00023GGHQ,5,1092873600,De-Lovely,Cole Porter,"['Pop', 'Oldies', 'Traditional Pop']"
AZVRFM578CX6M,B000267JQK,5,1355356800,"<span id=""parentalAdvisory"" class=""a-size-medium a-color-secondary a-text-normal""",Seether,"['Alternative Rock', 'American Alternative']"
A3FZ5MK6HM1T9Q,B0002DSQ0Q,5,1389052800,Sound Stage Presents - Lindsey Buckingham With Special Guest Stevie Nicks,Lindsey Buckingham,"['Pop', 'Vocal Pop']"
A13WEXW3OX4ZE0,B0002L581S,4,1105056000,Try,Bebo Norman,"['Christian', 'Pop & Contemporary']"
A2GKWOALFDP6ZD,B0002LI11M,5,1108944000,Smile,Brian Wilson,"['Alternative Rock', 'Indie & Lo-Fi', 'Chamber Pop']"
A2X68A4CORTII2,B0002OOUNC,2,1233619200,Recorded Live: Solid Steel Presents,Amon Tobin,"['Dance & Electronic', 'Drum & Bass']"
A307X7XPY0LA4C,B0002S947K,4,1403827200,Trouble,Ray LaMontagne,"['Pop', 'Adult Alternative']"
A1KZ00LNIB25RR,B0002T7ZM0,5,1355270400,Symphonic Rock,Royal Philharmonic Orchestra,"['Classical', 'Chamber Music']"
A1G1PX4U6RSZEA,B0002VYQCU,4,1109894400,Straylight Run,Straylight Run,"['Alternative Rock', 'Hardcore & Punk', 'Emo']"
A23W1H9AACMTWZ,B0002W0ZSI,5,1266105600,Harem Holiday / Girl Happy,Elvis Presley,"['Pop', 'Oldies']"
A1XS6GR5YF4H73,B00063F8CG,3,1137542400,Toby Keith: Greatest Hits 2,Toby Keith,"['Country', ""Today's Country""]"
A3PVSNS17HCIXN,B000641ZDQ,4,1119052800,Team Sleep,Team Sleep,"['Alternative Rock', 'Indie & Lo-Fi', 'Indie Rock']"
A2RE0QMIABZPJU,B0006Z2LEW,5,1115251200,Scissor Sisters: We Are Scissor Sisters... and So Are You,Scissor Sisters,"['Pop', 'Vocal Pop']"
A29V9Z89OH03YR,B0007CIM0G,4,1114905600,Bellydance - The Art of the Drum Solo,Sonia,"['World Music', 'Middle East']"
A17K9AGQ136V78,B0007CZPIS,5,1111795200,Hotel,Moby,"['Dance & Electronic', 'Ambient']"
A1XS6GR5YF4H73,B0007NFL18,5,1137542400,"<span id=""parentalAdvisory"" class=""a-size-medium a-color-secondary a-text-normal""",50 Cent,"['Rap & Hip-Hop', 'East Coast']"
A2GKWOALFDP6ZD,B0007NFMDK,5,1114041600,"<span id=""parentalAdvisory"" class=""a-size-medium a-color-secondary a-text-normal""",Bloc Party,"['Alternative Rock', 'Indie & Lo-Fi', 'Indie Rock']"
A2J5Y9MKKQTXGW,B0007QMS20,5,1117324800,Music From The O.C. Mix 4,Various Artists,"['Alternative Rock', 'Indie & Lo-Fi', 'Indie Rock']"
AQCQ5F0OJXMG9,B0009299A6,5,1207440000,Genesis,Joy Williams,"['Christian', 'Pop & Contemporary']"
AF3AREH1GWV8D,B00094AT4O,5,1147132800,Greatest Hits by Pat Benatar,Pat Benatar,"['Classic Rock', 'Album-Oriented Rock (AOR)']"
ADDZ418QLBSPM,B0009A1AGY,5,1122336000,Occasion,Harry Connick Jr.,"['Pop', 'Oldies', 'Traditional Pop']"
A1MF862XU2WI2W,B0009CTV5Y,5,1381622400,Big Man Big Guitar: Popa Chubby Live,Popa Chubby,"['Blues', 'Electric Blues']"
A1DG0S0HG0U2RY,B0009CTWTE,5,1401580800,Best Of Robert Earl Keen,Robert Earl Keen,"['Country', 'Americana']"
ADDZ418QLBSPM,B0009PLM4Y,5,1122336000,Moonlight Serenade,Carly Simon,"['Pop', 'Oldies', 'Traditional Pop']"
A3KY45VSR20OTB,B0009T2S0W,5,1165449600,Charlie &amp; The Chocolate Factory,Danny Elfman,"['Soundtracks', 'Movie Scores']"
A161ROU30BG7XM,B000AXWGQ8,5,1392076800,Then And Now: The Hits Collection,Tracy Lawrence,"['Country', ""Today's Country""]"
AF3AREH1GWV8D,B000B5KYO6,5,1146441600,I Am Me,Ashlee Simpson,"['Pop', 'Adult Contemporary']"
AO2Z6SCI5TDBJ,B000B7HZXM,5,1130371200,Thanks For The Memory...The Great American Songbook IV,Rod Stewart,"['Pop', 'Oldies', 'Traditional Pop']"
APC80YXO8LXWE,B000B8I918,4,1388102400,"Ultimate Relaxation Christmas Album II, The",Various Artists,"['Opera & Classical Vocal', 'Vocal Non-Opera', 'Cantatas']"
AO2Z6SCI5TDBJ,B000B8PC6S,1,1134950400,This Bird Has Flown: A 40th Anniversary Tribute to the Beatles' Rubber Soul,This Bird Has Flown,"['Alternative Rock', 'Indie & Lo-Fi', 'Indie Rock']"
A2C3PLXFWB4WTS,B000B8QEYC,5,1173916800,Amarantine,Enya,"['World Music', 'Europe', 'British Isles', 'Britain']"
A2UUS5CMDXZN8B,B000BDGWIA,4,1383782400,Greatest Hits,'N Sync,"['Pop', 'Adult Contemporary']"
A2GKWOALFDP6ZD,B000BEZR9E,5,1131667200,Duran Duran - Live From London,Lawrence Jordan,"['World Music', 'Europe', 'British Isles', 'Britain']"
A33AJ1MSMEIA3C,B000BJS4TO,4,1146873600,Memoirs of a Geisha,Yo-Yo Ma & Itzhak Perlman John Williams,"['Soundtracks', 'Movie Scores']"
A2HXUA5QF6L7O2,B000BJS50M,5,1391040000,Harry and Branford - Duo Occasion,,"['Pop', 'Oldies', 'Traditional Pop']"
AO2Z6SCI5TDBJ,B000BNI99K,5,1139011200,The Great American Songbook Collection,Rod Stewart,"['Pop', 'Oldies', 'Traditional Pop']"
A29V9Z89OH03YR,B000CCW2PW,3,1159574400,The Art of Exotic Dancing: Striptease Series - Lap Dancing and Entertaining Your Man,Fawnia,"['Special Interest', 'Instructional']"
A21FWV7IMMPSXP,B000CZ0Q7K,5,1395532800,The Essential Kenny G,Kenny G,"['Jazz', 'Smooth Jazz']"
A3SUV27YI5KXG1,B000E40PZW,5,1365379200,Sacred River,Gandalf,"['World Music', 'Europe', 'Continental Europe', 'Austria']"
A3KY45VSR20OTB,B000EYF5KM,4,1150934400,Cars - Lightning McQueen's Fast Tracks,Fred Mollin,"[""Children's Music"", 'Disney']"
A1MF862XU2WI2W,B000F48CD8,5,1172188800,Broken Boy Soldiers,The Raconteurs,"['Alternative Rock', 'Indie & Lo-Fi', 'Indie Rock']"
A2XJJKZSEYYW8T,B000F5GO0A,5,1395532800,Gulag Orkestar,Beirut,"['Alternative Rock', 'Indie & Lo-Fi', 'Indie Rock']"
A29M09QBG9TZLP,B000F6ZPH2,4,1158710400,Turn It Up,Paris Hilton,"['Pop', 'Teen Pop']"
AZVRFM578CX6M,B000FIHJLU,5,1355356800,End Of Silence,Red,"['Christian', 'Pop & Contemporary']"
AIQLACW0D0FS2,B000FNNIB0,4,1152662400,Luna - Tell Me Do You Miss Me,Sean Eden,"['Alternative Rock', 'Indie & Lo-Fi', 'Indie Rock']"
A1YQS7S1IE53SB,B000FS2WJO,5,1288310400,The Lake House,Rachel Portman,"['Soundtracks', 'Movie Scores']"
A1YTXU5V9OEF69,B000G8NXBE,4,1230076800,I'd Really Love to See You Tonight and Other Hits,England Dan & John Ford Coley,"['Pop', 'Easy Listening']"
A29M09QBG9TZLP,B000GDI3SW,4,1158969600,Paris,Paris Hilton,"['Pop', 'Teen Pop']"
A1HVR12V7N8QUG,B000GG4XJW,5,1395878400,Blue's Clues: Blues Biggest Hits,Steve Burns,"[""Children's Music""]"
AD293KL0N00LH,B000GPIPIS,4,1372896000,Broken Bridges,Toby Keith,"['Country', ""Today's Country""]"
A1R6B3PMIZRLHC,B000HBKCDC,3,1393459200,Wintersong,Sarah McLachlan,"['Holiday & Wedding', 'Christmas']"
A2HXUA5QF6L7O2,B000HEWGEW,5,1195603200,There Is A Season,The Byrds,"['Classic Rock', 'Psychedelic Rock']"
A1KZ00LNIB25RR,B000HKDE7Y,5,1355270400,Struggle From The Subway To The Charts,Nuttin But Stringz,"['Alternative Rock', 'Indie & Lo-Fi', 'Chamber Pop']"
A2C3PLXFWB4WTS,B000I0QKHY,5,1173916800,Greatest Hits,Steve Perry,"['Classic Rock', 'Album-Oriented Rock (AOR)']"
AL6CHZPMJ2D2M,B000I5X7ZW,4,1164412800,Happy Feet,Various,"['Pop', 'Dance Pop']"
A3O0GQ6YB0CX3H,B000ICLRGQ,5,1204416000,Seeing Is Believing,Bobby Darin,"['Pop', 'Oldies', 'Traditional Pop']"
AX3T5TI76TOJ1,B000ICLRGQ,5,1335052800,Seeing Is Believing,Bobby Darin,"['Pop', 'Oldies', 'Traditional Pop']"
A54IUHRKPQ9DA,B000ILZ05G,5,1221523200,Winter Carols,Blackmore's Night,"['World Music', 'Europe', 'British Isles', 'Britain']"
A2O9P1IUIMVO73,B000IY04RC,5,1168992000,Daughtry,Daughtry,"['Christian', 'Pop & Contemporary']"
A13HRBF6V8E8K2,B000J233R6,5,1185753600,Veteran,Marques Houston,"['R&B', 'Contemporary R&B']"
A258N5V9ATX38H,B000JJRIN4,2,1215388800,"<span id=""parentalAdvisory"" class=""a-size-medium a-color-secondary a-text-normal""",Gwen Stefani,"['Pop', 'Adult Alternative']"
A2K2PML6QPYJ9O,B000NIVNT6,5,1357171200,Didgeridoo Dreaming: Aboriginal Spiritual Music,Various,"['World Music', 'Australia & New Zealand']"
A33D09LM3O34Y,B000O78KZG,4,1180137600,Joan Osborne: Breakfast In Bed,Joan Osborne,"['R&B', 'Soul', 'Blue-Eyed Soul']"
A1W71SSFRWYQFQ,B000PLXFJW,5,1391126400,South Of Delia,Richard Shindell,"['Country', 'Americana']"
A292163FE9C117,B000RHRGD0,5,1221782400,Evan Almighty Soundtrack,Soundtrack,"['Country', ""Today's Country""]"
A1DG0S0HG0U2RY,B000RIWAWQ,4,1190505600,Viva Las Vegas,Elvis Presley,"['Pop', 'Oldies']"
AIW2B5CZEUTS5,B000RL4GS4,5,1207094400,Runnin Wild,Airbourne,"['Rock', 'Hard Rock']"
A35CCGJDNXUDY9,B000RLCOCO,5,1221868800,Spirit Journey,David R. Maracle,"['New Age', 'Relaxation']"
AX3T5TI76TOJ1,B000SUKPNO,4,1327449600,The Collection,Amy Grant,"['Christian', 'Pop & Contemporary']"
AKKM0FXFOS96,B000UNMC12,5,1323993600,Sad Clown Bad Summer Number 9,Atmosphere,"['Rap & Hip-Hop', 'Experimental Rap']"
A1YQ3ZOH3R8NFE,B000V6Z0XA,5,1368144000,Josh Groban Noel,Josh Groban,"['Pop', 'Vocal Pop']"
A33D09LM3O34Y,B000V8I2QU,5,1191974400,Magic,Bruce Springsteen,"['Classic Rock', 'Album-Oriented Rock (AOR)']"
A33AJ1MSMEIA3C,B000WTBMBK,4,1278374400,Untrue,Burial,"['World Music', 'Europe', 'British Isles', 'Britain']"
A2S36TJIVV5XIU,B000XH7GHU,4,1395532800,"<span id=""parentalAdvisory"" class=""a-size-medium a-color-secondary a-text-normal""",Various Artists,"['Broadway & Vocalists', 'Musicals']"
A307X7XPY0LA4C,B000XPU642,4,1394582400,Dailey &amp; Vincent,Dailey and Vincent,"['Christian', 'Country & Bluegrass']"
A258N5V9ATX38H,B000XS3WWW,1,1231027200,P.S. I Love You,John Powell,"['Soundtracks', 'Movie Soundtracks']"
A4UIAGVDHJ4ZF,B000Y80L2A,5,1358812800,Long Way Down: Music From the TV Series,Various Artists,"['Soundtracks', 'Movie Soundtracks']"
A19EEKJ39PA47B,B000YQ841M,5,1363046400,Sandi Patty: The Definitive Collection,Sandi Patty,"['Christian', 'Pop & Contemporary']"
A313FHXGRZNB68,B000Z0UEU6,3,1228348800,Sleep Through The Static,Jack Johnson,"['Pop', 'Adult Alternative']"
A3P0QRCQW78466,B0011MGHI0,5,1235174400,High Noon: Music Composed and Directed by Dimitri Tiomkin,Dimitri Tiomkin,['Pop']
A2O9P1IUIMVO73,B0012OVF2U,5,1234828800,ROCKFERRY EUROPEAN A&amp;M 2008,Duffy,"['Pop', 'Adult Alternative']"
A13HRBF6V8E8K2,B00132D7ZE,4,1206662400,Welcome To The Dollhouse,Danity Kane,"['Pop', 'Dance Pop']"
A1WBXDI7LRPLXB,B0013D8JD8,5,1215734400,Made in Dakar,Orchestra Baobab,"['World Music', 'Africa']"
A19EEKJ39PA47B,B0013UQURS,4,1363046400,ENCHANTMENT - GREATEST HITS,,"['R&B', 'Soul']"
A313FHXGRZNB68,B00140GXSI,4,1207872000,Loaded,The Wood Brothers,"['Blues', 'Contemporary Blues']"
ADDZ418QLBSPM,B0015HZAOI,4,1214006400,This Kind Of Love,Carly Simon,"['Pop', 'Adult Contemporary']"
A258N5V9ATX38H,B0016A2FFG,5,1241308800,"Al Green,Lay It Down,Blue Note,Pop,R&amp;B,R&amp;B Music / General,Soul/R &amp; B,Soul/R&amp;B,Urban"" />",Al Green,"['R&B', 'Soul']"
A3VKCJMSSBOMPZ,B00175G7CM,5,1274054400,Over and Underneath,Tenth Avenue North,"['Christian', 'Pop & Contemporary']"
AHXYY7G09V1X9,B0017WI5JI,5,1375056000,Stevie Nicks: Live in Chicago,Stevie Nicks,"['Classic Rock', 'Album-Oriented Rock (AOR)']"
A313FHXGRZNB68,B0018CWWDM,5,1288051200,Soul Zodiac,Cannonball Adderley,"['Jazz', 'Bebop']"
AZLWT5TG37FKM,B00192IV0O,3,1367884800,THE E.N.D. Energy Never Dies,The Black Eyed Peas,"['Pop', 'Dance Pop']"
AOKS5JEGN6G,B001A2AD4U,5,1301356800,Want,3Oh!3,"['Alternative Rock', 'Indie & Lo-Fi', 'Indie Rock']"
A2UUS5CMDXZN8B,B001ACH4DS,4,1383782400,David Cook,David Cook,"['Alternative Rock', 'American Alternative']"
AZLWT5TG37FKM,B001AI1QJA,4,1369267200,Playlist: The Very Best of Rick Springfield Eco-Friendly,Rick Springfield,"['Pop', 'Oldies', 'Bubblegum']"
A13HRBF6V8E8K2,B001B9ZVWQ,4,1230768000,Love &amp; Life,Eric Benet,"['R&B', 'Contemporary R&B']"
A2MOREZ3AFKKOK,B001BT1SKK,3,1223769600,Red Cadillac,Johnny Rawls,"['Blues', 'Electric Blues']"
A21FWV7IMMPSXP,B001BYZX2E,5,1395532800,Greatest Hits,Dave Koz,"['Jazz', 'Smooth Jazz']"
A1635YKA4UAXVY,B001C0NN7Y,2,1247356800,Time the Conqueror,Jackson Browne,"['Pop', 'Singer-Songwriters']"
A141VKAWF9WYRS,B001C3KCSY,4,1371686400,Only By The Night,Kings of Leon,"['Alternative Rock', 'Indie & Lo-Fi', 'Indie Rock']"
A1G1PX4U6RSZEA,B001C9TAYU,5,1231113600,Thought So...,Nightmares on Wax,"['World Music', 'Europe', 'British Isles', 'Britain']"
A1DG0S0HG0U2RY,B001DHIXBM,4,1233878400,Jazz Blues Christmas,PUTUMAYO PRESENTS,"['Holiday & Wedding', 'Christmas']"
A10KHX41ONY4U1,B001DMJAMI,5,1369267200,"Rod Stewart,The Definitive Rod Stewart (2CD),Rhino/Warner Bros.,5263353,Pop,Rock,2 CD Set,Pop / Pop Rock,Pop/Rock Music,Soundtracks  / Movie Scores,Recorded Music - Rock &amp; Pop,Rock &amp; Pop - General"" />",Rod Stewart,"['R&B', 'Soul', 'Blue-Eyed Soul']"
A13HRBF6V8E8K2,B001DXF9HW,5,1227830400,Long Time Coming,Wayne Brady,"['Pop', 'Adult Contemporary']"
A29M09QBG9TZLP,B001ED7C58,5,1241222400,"Various Artists,Twilight (Original Motion Picture Soundtrack),Chop Shop / Atlantic / Summit Entertainment,5229491,Soundtracks,Soundtracks &amp; Scores,Drama,Fantasy,Pop,Recorded Music - Soundtracks,Rock &amp; Pop - General,Romance,Soundtrack,Soundtracks &amp; Film Scores,Soundtracks - General"" />",Carter Burwell,"['Alternative Rock', 'Hardcore & Punk', 'Emo']"
A177XBNQ3ZPBBI,B001H5113W,5,1234569600,Doctor Who Soundtrack - Series 4,Murray Gold,"['Soundtracks', 'Movie Soundtracks']"
A2O9P1IUIMVO73,B001OA0MSA,5,1247788800,Leap Of Faith,Seth Walker,"['Blues', 'Electric Blues']"
AYS2Z6SZJ0DUV,B001SGEUNI,5,1392076800,Halestorm,Halestorm,"['Metal', 'Alternative Metal']"
AQCQ5F0OJXMG9,B001UJIMT6,4,1243900800,"Abandon,Abandon,Forefront,Pop,Religious / Contemp. Christian,Christian,Contemporary Christian Music,Christian - Rock,Christian Music - Gospel (GS)"" />",Abandon,"['Christian', 'Pop & Contemporary']"
A3SUV27YI5KXG1,B0020SPLLS,5,1296086400,In the Hands of God,Newsboys,"['Christian', 'Pop & Contemporary']"
A2IVVR7QXDCBGJ,B0029O08WA,3,1257638400,The Twilight Saga: New Moon Soundtrack,Alexandre Desplat,"['Alternative Rock', 'Indie & Lo-Fi', 'Indie Rock']"
A2O9P1IUIMVO73,B002AWM112,5,1246838400,Perfecto Vegas,Paul Oakenfold,"['Dance & Electronic', 'House']"
A1BDUTDNJI0LZF,B002Q4TKC2,5,1373500800,The Twilight Saga: New Moon - The Score,Alexandre Desplat,['Pop']
AOKS5JEGN6G,B002XNEII2,5,1301529600,Animal,Kesha,"['Pop', 'Dance Pop']"
A29M09QBG9TZLP,B0030BYWKU,5,1286928000,Jason Derulo,Jason Derulo,"['R&B', 'Soul']"
A1W71SSFRWYQFQ,B00354NBFE,4,1359676800,25,PATTY LARKIN,"['Folk', 'Traditional Folk']"
A54IUHRKPQ9DA,B0039G9TX6,5,1299974400,La Voce,Mark Masri,"['Christian', 'Pop & Contemporary']"
AHXYY7G09V1X9,B003A4IFGY,3,1361836800,Mojo,Tom Petty,['Pop']
A1K9OQYC7MLAF3,B003KNDMUY,5,1289174400,RETURN OF THE SON OF,Dweezil Zappa,['Pop']
AD293KL0N00LH,B003TTZT5K,5,1354838400,All About Tonight,Blake Shelton,"['Country', ""Today's Country""]"
AKKM0FXFOS96,B0042KZJZU,4,1344384000,Tangled,Alan Menken,"[""Children's Music"", 'Disney']"
AZVRFM578CX6M,B00452V2H4,5,1355356800,Holding Onto Strings Better Left To Fray,Seether,"['Metal', 'Pop Metal']"
A2DDVIRY8OVYE1,B004FPE4DK,5,1374364800,Early In The Morning,James Vincent McMorrow,"['Alternative Rock', 'Singer-Songwriters']"
A2DDVIRY8OVYE1,B004GY6DTS,5,1300838400,Barton Hollow,The Civil Wars,"['Folk', 'Traditional Folk']"
A2S36TJIVV5XIU,B004IQMXD4,5,1397001600,In Your Dreams,Stevie Nicks,"['Classic Rock', 'Album-Oriented Rock (AOR)']"
AKKM0FXFOS96,B004LFO0JW,5,1325116800,"<span id=""parentalAdvisory"" class=""a-size-medium a-color-secondary a-text-normal""",Wiz Khalifa,"['Rap & Hip-Hop', 'Pop Rap']"
AMXJDVI60YD39,B004LUHQ1G,5,1302739200,Wasting Light,Foo Fighters,"['Pop', 'Adult Alternative']"
A54IUHRKPQ9DA,B004T4YGNA,5,1315526400,Neon,Chris Young,"['Country', ""Today's Country""]"
A54IUHRKPQ9DA,B004T4YPI6,5,1319155200,Barefoot Blue Jean Night,Jake Owen,"['Country', ""Today's Country""]"
A177XBNQ3ZPBBI,B0050CJNJ2,3,1316217600,Own The Night,Lady Antebellum,"['Country', ""Today's Country""]"
A19EEKJ39PA47B,B005CAAYCM,5,1363046400,Time Will Reveal: The Complete Motown Albums,Debarge,"['R&B', 'Soul']"
A1YQS7S1IE53SB,B005EGONFS,5,1316736000,Pearl Jam Twenty Soundtrack,Pearl Jam,"['Pop', 'Adult Alternative']"
A1HVR12V7N8QUG,B005G4GKXG,5,1395878400,Most Wonderful Time of the Year,Scott Weiland,"['Pop', 'Vocal Pop']"
A3NE5KEHD57Q6S,B005HPY8LU,5,1344729600,Stronger,Kelly Clarkson,"['Pop', 'Vocal Pop']"
A22KQ6553QX5UA,B005M17KG4,5,1385251200,Twenty,Boyz II Men,"['R&B', 'Soul']"
APC80YXO8LXWE,B005OB5TME,5,1387238400,R&amp;B Christmas,Various Artists,"['Holiday & Wedding', 'Christmas']"
A1KZ00LNIB25RR,B005P78VK4,5,1355270400,Immortal,Michael Jackson,"['R&B', 'Soul']"
A2DDVIRY8OVYE1,B005QJZ5FA,5,1355356800,Born to Die,Lana Del Rey,"['Alternative Rock', 'Indie & Lo-Fi', 'Indie Rock']"
A3GAGA790C3F90,B0067FGYGQ,4,1361059200,Tramp,Sharon Van Etten,"['Alternative Rock', 'Indie & Lo-Fi', 'Indie Rock']"
A3VKCJMSSBOMPZ,B006UYDEI0,5,1330992000,Heart,Audrey Assad,"['Christian', 'Pop & Contemporary']"
A2IVVR7QXDCBGJ,B00723NWJE,5,1349827200,Little Broken Hearts,Norah Jones,"['Pop', 'Vocal Pop']"
A2H3TU9X02KSXZ,B0076D4EUG,4,1360281600,Uncharted Territory,Don Moen,"['Christian', 'Pop & Contemporary']"
A3NWP4CG5S2PDE,B0076FJ2R4,4,1373328000,Precious Memories,Alan Jackson,"['Country', ""Today's Country""]"
AYS2Z6SZJ0DUV,B0076L9W9Q,5,1392076800,The Strange Case Of,Halestorm,"['Metal', 'Alternative Metal']"
A2DDVIRY8OVYE1,B007701SM0,4,1338336000,AM/FM,Rita Wilson,"['Pop', 'Vocal Pop']"
A2UUS5CMDXZN8B,B007G3H8Y0,4,1383782400,California 37,Train,"['Rock', 'Folk Rock']"
A1G1PX4U6RSZEA,B007G5FTR6,4,1339718400,Interludes After Midnight,Blockhead,"['Dance & Electronic', 'Electronica']"
A3JY82VJGNUIKE,B007LYB2ZK,4,1338336000,Julie Andrews and Carol Burnett: The CBS Television Specials,Carol Burnett,"['Broadway & Vocalists', 'Musicals']"
A2H7KI9ERGVCAJ,B007TX9ASY,5,1400630400,Once Upon A Time Soundtrack,Mark Isham,"['Soundtracks', 'Television Soundtracks']"
AC49718QMAN1W,B0090SVDFY,5,1375315200,Halo 4: Original Soundtrack,Neil Davidge,['Pop']
A3FO0EQTIBNAJK,B0091V6SYG,5,1394064000,Classic,David Phelps,"['Christian', 'Pop & Contemporary']"
A1W71SSFRWYQFQ,B009A87X58,5,1364083200,Kindred Spirits: A Collection,Carrie Newcomer,"['Folk', 'Traditional Folk']"
A4UIAGVDHJ4ZF,B009EC9NXK,5,1358812800,Chicago Ultimate Christmas Collection,Chicago,"['Holiday & Wedding', 'Christmas']"
A2S36TJIVV5XIU,B00A80SHFM,4,1362528000,Les Miserables: Highlights from the Motion Picture Soundtrack,Various Artists,"['Soundtracks', 'Movie Scores']"
A3SUV27YI5KXG1,B00AO7DC9A,3,1365984000,Dreamweaver,Gandalf,"['New Age', 'Meditation']"
A307X7XPY0LA4C,B00B0GGHFU,4,1403827200,Ballads,Vince Gill,"['Country', ""Today's Country""]"
A2S36TJIVV5XIU,B00B7IJCSK,5,1371168000,Ghost Brothers Of Darkland County,Various Artists,['Pop']
A3NWP4CG5S2PDE,B00B9UENJ4,4,1373328000,Precious Memories: Vol. II,Alan Jackson,"['Christian', 'Pop & Contemporary']"
A1YQ3ZOH3R8NFE,B00BB22GQM,4,1374537600,Modern Vampires of the City,Vampire Weekend,"['Alternative Rock', 'Indie & Lo-Fi', 'Indie Rock']"
A1K9OQYC7MLAF3,B00BC0JFNK,5,1365379200,Krush,Niacin,['Jazz']
A2H7KI9ERGVCAJ,B00BINMBEG,3,1400630400,G.I. Joe: Retaliation,Henry Jackman,['Pop']
A161ROU30BG7XM,B00BNR6RJW,5,1392163200,Love Is Everything,George Strait,"['Country', ""Today's Country""]"
A10KHX41ONY4U1,B00BX8MLZA,5,1378771200,NOW 46,Various Artists,['Pop']
A3VKCJMSSBOMPZ,B00C6705WI,5,1371081600,Angels And Saints At Ephesus,Benedictines of Mary Queen of Apostles,['Christian']
A2H7KI9ERGVCAJ,B00CDB2T1C,5,1400630400,The Radio In My Head: Live at 54 BELOW,Aaron Tveit,"['Broadway & Vocalists', 'Musicals']"
A1BDUTDNJI0LZF,B00CFXZSAW,5,1373500800,"<span id=""parentalAdvisory"" class=""a-size-medium a-color-secondary a-text-normal""",Soundtrack,"['Soundtracks', 'Movie Scores']"
APRMX3QK8NCQG,B00CMB8MXC,5,1402185600,Despicable Me 2 Soundtrack,Heitor Pereira,"['Soundtracks', 'Movie Soundtracks']"
A2IVVR7QXDCBGJ,B00DGGIXS6,5,1386460800,Closer To The Truth,Sonny & Cher,['Pop']
A2GKWOALFDP6ZD,B00DJYJQKO,5,1379894400,"<span id=""parentalAdvisory"" class=""a-size-medium a-color-secondary a-text-normal""",Drive-By Truckers,"['Classic Rock', 'Southern Rock']"
AC49718QMAN1W,B00DOQK2V4,5,1379203200,Elysium Ryan Amon,Ryan Amon,['Pop']
A2XJJKZSEYYW8T,B00DPKQ60A,5,1394064000,Yours Truly,Ariana Grande,"['Pop', 'Vocal Pop']"
A3FZ5MK6HM1T9Q,B00DSTBMMU,5,1391731200,Feels Like Home,Sheryl Crow,['Country']
AMXJDVI60YD39,B00DW1WR14,5,1382054400,Lightning Bolt,Pearl Jam,['Rock']
A1KZ00LNIB25RR,B00DWFQ2N4,5,1393459200,The 20/20 Experience - 2 of 2,Justin Timberlake,['Pop']
A2XJJKZSEYYW8T,B00DX5WGTW,4,1394064000,Love and War,Tamar Braxton,"['R&B', 'Soul']"
A1W71SSFRWYQFQ,B00E4V082Q,5,1394582400,Beyond That,Meg Hutchinson,"['Folk', 'Traditional Folk']"
A3GAGA790C3F90,B00EJU8ZIG,5,1405468800,Pure Heroine,Lorde,"['Pop', 'Adult Alternative']"
A2IVVR7QXDCBGJ,B00EKXDVOK,5,1386460800,The Classic Christmas Album,Barbra Streisand,"['Holiday & Wedding', 'Christmas']"
A1YTXU5V9OEF69,B00F5T5B0U,5,1385683200,20,TLC,"['R&B', 'Soul']"
A3P0QRCQW78466,B00FCAK1DE,5,1392336000,Under The Covers Vol. 3,Susanna Hoffs,['Pop']
A1YQ3ZOH3R8NFE,B00FFT1BQS,5,1385942400,Ellen's I'm Gonna Make You Dance Jams,Various Artists,"['Pop', 'Dance Pop']"
A161ROU30BG7XM,B00FI2PIIO,5,1390262400,Danielle Bradbery,Danielle Bradbery,['Country']
A10KHX41ONY4U1,B00FNRA7RQ,5,1393200000,Now 48,Now Music,['Pop']
AC49718QMAN1W,B00G3SLVCE,5,1395964800,Castlevania: Lords of Shadow-Mirror of Fate Original Game Soundtrack,Oscar Araujo,"['Soundtracks', 'Movie Scores']"
A1YQ3ZOH3R8NFE,B00GKI40HU,5,1394409600,2014 GRAMMY Nominees,GRAMMY Nominees,['Pop']
A3VKCJMSSBOMPZ,B00HAH7HG6,5,1403827200,Lent At Ephesus,Benedictines of Mary Queen of Apostles,['Christian']
AC49718QMAN1W,B00HZMRZI6,5,1396569600,300: Rise Of An Empire Soundtrack,Junkie XL,"['Soundtracks', 'Movie Scores']"
A2H7KI9ERGVCAJ,B00HZVX1C6,5,1403913600,Maleficent,James Newton Howard,"[""Children's Music"", 'Disney']"
AC49718QMAN1W,B00I4WG7Q2,5,1395964800,CASTLEVANIA: Lords of Shadow 2 - Original Game Soundtrack,Oscar Araujo,"['Soundtracks', 'Movie Soundtracks']"
A141VKAWF9WYRS,B00I89Y1XW,5,1399766400,The Rite of Spring,The Bad Plus,['Jazz']
AD293KL0N00LH,B00IXLQJ2G,4,1402444800,Platinum,Miranda Lambert,"['Country', ""Today's Country""]"
A2K2PML6QPYJ9O,B00J4KZSHW,5,1403222400,Amira,Amira Willighagen,"['Classical', 'Symphonies']"
AMXJDVI60YD39,B00J7UL6V6,5,1400457600,Turn Blue,The Black Keys,['Pop']
